id,name,created_at,updated_at
1,"Brekke, Haley and Wolff",2012-02-26 20:56:50 UTC,2012-02-26 20:56:50 UTC
2,Blanda-Skiles,2012-02-26 20:56:50 UTC,2012-02-26 20:56:50 UTC
3,Ryan-Borer,2012-02-26 20:56:50 UTC,2012-02-26 20:56:50 UTC
4,"Schinner, Brown and Koelpin",2012-02-26 20:56:50 UTC,2012-02-26 20:56:50 UTC
5,"Zulauf, O'Kon and Hickle",2012-02-26 20:56:50 UTC,2012-02-26 20:56:50 UTC
6,Halvorson Group,2012-02-26 20:56:51 UTC,2012-02-26 20:56:51 UTC
7,"Abernathy, Rosenbaum and Steuber",2012-02-26 20:56:51 UTC,2012-02-26 20:56:51 UTC
8,Huels LLC,2012-02-26 20:56:51 UTC,2012-02-26 20:56:51 UTC
9,"Labadie, Wiegand and Ratke",2012-02-26 20:56:51 UTC,2012-02-26 20:56:51 UTC
10,Murphy-Howe,2012-02-26 20:56:51 UTC,2012-02-26 20:56:51 UTC