id,first_name,last_name,created_at,updated_at
1,Lemke,Eliezer,2012-02-26 20:56:56 UTC,2012-02-26 20:56:56 UTC
2,Davis,Lavonne,2012-02-26 20:56:57 UTC,2012-02-26 20:56:57 UTC
3,Runte,Stone,2012-02-26 20:56:57 UTC,2012-02-26 20:56:57 UTC
4,Lemke,Zoey,2012-02-26 20:56:57 UTC,2012-02-26 20:56:57 UTC
5,D'Amore,Raven,2012-02-26 20:56:57 UTC,2012-02-26 20:56:57 UTC
6,Dickens,Ivy,2012-02-26 20:56:57 UTC,2012-02-26 20:56:57 UTC
7,Smitham,Tommie,2012-02-26 20:56:57 UTC,2012-02-26 20:56:57 UTC
8,Cronin,Maximo,2012-02-26 20:56:57 UTC,2012-02-26 20:56:57 UTC
9,Waelchi,Marlen,2012-02-26 20:56:57 UTC,2012-02-26 20:56:57 UTC
10,Muller,Flo,2012-02-26 20:56:58 UTC,2012-02-26 20:56:58 UTC